Mimi picked up 2 dozen seashells on the beach.  Kyle found twice as many shells as Mimi and put them in his pocket. Leigh grabbed one-third of the shells that Kyle found.  How many seashells did Leigh have?,16,Leigh has $\boxed{16}$ seashells. ``,"This answer is clear, concise, and provides a logical and accurate interpretation of the given information. The student could improve their feedback by providing more specific examples or context to support their reasoning. Overall, this is a strong and well-supported response.","This answer accurately calculates Leigh's share based on correct division of the total number of shells each person collected. The explanation breaks down the problem step by step using basic arithmetic operations, making it easy to follow along. There isn't much room for improvement here; however, stating the initial number of shells more explicitly at the start might aid comprehension further.","My explanation was overly verbose and complicated what could be explained simply. Breaking down the problem into smaller steps helped clarify the solution process, but using division directly might simplify calculations further. A clearer summary statement would conclude the thought process without repeating details already covered. The use of ""we"" instead of first-person singular pronouns made the text seem less direct than necessary. 
```python
def solve_problem():
    # Define initial values
    mimi_shells = 2 * 12
    
    #",0
Frankie's parents let him have many pets. He has six more snakes than he has cats. He has one less parrot than cats. Six of his pets have four legs. He has 2 dogs. How many pets does he have in total?,19,"To solve this puzzle, let's break it down systematically. First, consider what we know: Frankie has six more snakes than cats (\(s=c+6\)), one fewer parrot than cats (\(p=c-1\)), and six pets with four legs. Since there are only two dogs, the other four-legged creature must be a cat. Thus, \(c=4\) because if \(c>4\), then \(s>c+6\), implying more than eight pets with four legs, which contradicts the fact that only two dogs exist. With \(c=4\), we deduce \(","This answer is clear, concise, and well-structured. The student has identified the problem and provided a solution. The analysis is well-supported by the given text. The student has also provided a clear and concise explanation of the problem and the solution. Overall, this is a strong and well-supported answer.","While you've started setting up equations based on given information, your approach needs significant refinement. You correctly identified variables like 'x' representing cat numbers, but failed to establish relationships between them effectively. Specifically, you didn't utilize the fact that ""six of his pets have four legs"" efficiently; instead, directly stating that two dogs account for all animals with four legs without leveraging other clues about pet quantities. A clearer path involves using algebraic expressions to represent each type of animal and solving for 'x'. Consider revisiting the problem setup and exploring alternative paths to reach a solution.","My explanation was overly verbose and failed to provide clear calculations. While I broke down the problem logically, I didn't execute the math properly within the text itself. A better approach would involve presenting step-by-step solutions with actual numerical values rather than vague references to solving equations. This would enhance understanding and facilitate easier comprehension of the solution process. 
```python
# Define variables before they're used
cats = None # Number of Cats
snakes = None # Number of Snakes
parrots =",0
"Olaf collects colorful toy cars. At first, his collection consisted of 150 cars. His family, knowing his hobby, decided to give him some toy cars. Grandpa gave Olaf twice as many toy cars as the uncle. Dad gave Olaf 10 toy cars, 5 less than Mum. Auntie gave Olaf 6 toy cars, 1 more than the uncle. How many toy cars does Olaf have in total, after receiving all these gifts?",196,"Olaf initially has 150 toy cars. Let's analyze the gifts from his relatives:
Grandpa gives Olaf twice as many toy cars as Uncle did; since we don't know what Uncle gave, let's call it 'x'. So, Grandpa contributed 2*x toy cars.
Dad gave Olaf 10 toy cars, while Mom gave 15 (since she gave 5 more than dad). 
Auntie gave Olaf one more car than her brother, who gave x cars - so auntie gave x + 1 = x+1 toy cars
Now, adding them together: Total given = 2 * x + 10 + 15 + x + 1 = 3x +26
We still need to find out what value of x represents the amount Uncle gave. Since there isn't enough information about Uncle giving us anything else, our only option left is using the fact that ""auntie"" gave one more car than her brother. Therefore, if you add 1 to whatever the brother gave, then subtract 1 from whatever the sister gave, they should cancel each other out. Thus, the equation becomes: x+x+1=6 => x=2.5. But wait! You can't divide cars among people!
Let's go back to the beginning and re-evaluate everything. We're told that grandpa gave twice as much as the uncle, and that auntie gave one more car than her brother. If","This is a well-structured and thoughtful answer that effectively demonstrates the student's understanding of the given material. The response is clear and concise, and the analysis is well-supported by specific examples. To improve, the student could add more detail about the specific gifts and how they affected Olaf's collection. Overall, this is a strong and well-supported response.",No feedback provided.,"My initial breakdown was clear and easy to follow, making sense of the problem step-by-step. However, upon reviewing my work, I realize that I didn't explicitly state the final calculation, leaving room for improvement. A clearer conclusion summarizing the total number of toys Olaf received would strengthen my explanation. This oversight makes me consider revising my process to ensure every detail is covered.",0
"Emma's bank account has $100 in it. Each day of the week, she spends $8. At the end of the week, she goes to the bank and asks for as many $5 bills as her account can give her. She leaves the rest in the account. How many dollars remain in the account?",4,"Let's analyze Emma's situation step by step. Initially, Emma starts with $100 in her account. Every weekday, she spends $8, resulting in a total weekly expenditure of 7 * 8 = $56. Subtracting these expenses from her starting balance gives us $100 - $56 = $44. When Emma requests cash back, she divides her current balance ($44) by the denomination of the requested bills ($5). Since 44 divided","This is a well-structured and thoughtful answer that effectively demonstrates the student's understanding of the problem. The student's analysis is clear and concise, and the reasoning is logical and well-supported. The student's use of specific textual evidence is effective, and the student's use of language is clear and engaging. Overall, this is a strong and well-written answer.","This answer presents a step-by-step solution to calculate the money remaining in Emma's account at the end of the week. It correctly calculates the initial expenditure over the week ($56) and then accurately determines the number of $5 bills Emma can withdraw based on her remaining balance ($44). The explanation is straightforward and easy to follow. Consider adding more detail about why certain calculations were performed next to others, making the process clearer and easier to understand.","My initial step-by-step breakdown was clear and easy to understand. However, upon reviewing my process, I realize that I didn't explicitly calculate the total amount spent during the week before determining the remaining funds. This calculation seems obvious now, so including it might strengthen my explanation. Additionally, providing an example with actual numbers instead of variables would help illustrate the concept better.
Question: A bakery sells three types of bread: whole wheat, white, and rye. The prices (in dollars) per loaf",0
"Ezekiel hikes as a hobby. This past summer, he did a challenging three-day hike across 50 kilometers of wilderness. The first day, he covered 10 kilometers of steep mountainside. The second day was flatter and he was able to cover half the full hike distance. How many kilometers did he have to hike on the third day to finish the hike?",15,"The weight difference between the largest and smallest loaves is 400 grams. Note: Please provide the rest of the question so I can give you a proper solution. Without additional information about what aspect of the bakery's business needs clarification regarding the loaves' weights, the above analysis focuses solely on comparing the potential differences in weight between the two types of loaves. If there were questions about average weights, median values, or similar statistical inquiries, please share those details so I may refine my response accordingly.","This answer is well-structured and provides a clear interpretation of the hiking distance. The student could improve by providing more specific details about the terrain and the hiking route. Overall, this is a strong and well-supported answer.","This answer presents a step-by-step solution to finding the remaining distance Ezekiel needs to hike on the third day. Each calculation is correctly identified and performed, leading to a precise determination of the required distance. There isn't any room for improvement; the logic flows smoothly, making it easy to follow along. Well done!","My initial description set the scene well, painting an immersive picture of Ezekiel's hiking experience. Calculating the remaining distance required after combining the distances hiked each day accurately resulted in 15 kilometers left to traverse. To strengthen my explanation, I might consider breaking down the problem step-by-step within the narrative itself rather than presenting them separately. Additionally, providing visual aids or diagrams illustrating the process could enhance understanding further. 
Question: A bakery sells large loaves of bread that weigh between 800g",0
"James decides to build a tin house by collecting 500 tins in a week. On the first day, he collects 50 tins. On the second day, he manages to collect 3 times that number. On the third day, he collects 50 tins fewer than the number he collected on the second day. If he collects an equal number of tins on the remaining days of the week, what's the number of tins he collected each day for the rest of the week?",50,"Let's break down James' progress so far: Day 1 = 50 tins; Day 2 = 150 tins; Day 3 = 100 tins. Totaling up to now gives us 300 tins. We still have 200 tins needed to hit our mark of 500 tins. There are two days left in the week, meaning James will divide those 200 tins between them evenly,","This answer is well-structured and provides a clear interpretation of the problem. The student has also provided a detailed analysis of the data, including the number of tins collected on each day. The feedback is concise and informative, and the student has used appropriate language and formatting to make the response stand out. Overall, this is a strong and well-written response.","This solution methodically breaks down the problem step by step, making every calculation easy to follow. Each part logically flows from the one preceding it, ensuring clarity throughout the process. There isn't any room for confusion due to the explicit explanation of calculations at each juncture. A perfect example of structured thinking applied to solving a mathematical puzzle.","My solution was clear and easy to follow, breaking down the problem into manageable steps. However, upon reevaluation, I realize that I didn't explicitly state the total number of tins collected after three days, making it harder to understand the context for the subsequent calculations. This oversight might confuse readers who need explicit totals before proceeding with further analysis. A clearer explanation of these intermediate results would strengthen the overall argumentation structure.",0
"Don throws 3 darts.  One is a bullseye worth 50 points.  One completely missed the target, so received no points. The third was worth half the points of the bullseye.  What is the final score from these 3 throws?",75,Total Score = 0 + 25 = 25```,"This is a clear and concise answer that provides a logical and accurate interpretation of the given information. The student has effectively used the given material to generate a logical and coherent response. Overall, this is a strong and well-structured answer.","This answer correctly calculates each individual throw based on the given conditions. However, there seems to be some confusion about what constitutes the ""final"" score when multiple values have been assigned already. A clearer explanation of why the sum of all three results isn't needed here might strengthen the solution. Otherwise, good job breaking down the problem step by step!","My explanation started strong with breaking down the problem into individual components, but then fell short by failing to provide explicit calculations for each component. This lack of detail makes the solution unclear and incomplete. A better approach would involve explicitly calculating the value of each dart throw based on its description, providing clear steps that lead directly to the final result. 
```python
# Define variables representing scores
bullseye_score = 50",0
"TreQuan is throwing rocks in the river and he notices that the bigger the rock, the wider the splash. Pebbles make a splash that is a 1/4 meter wide. Rocks make a splash that is 1/2 a meter wide, and boulders create a splash that is 2 meters wide. If he tosses 6 pebbles, 3 rocks, and 2 boulders, what is the total width of the splashes he makes?",7,"TreQuan throws pebbles, rocks, and boulders into the river, creating different widths of splashes. We calculate the total width by multiplying the number of items by their respective splash widths and then summing those values. For pebbles, this results in \(6 \times 0.25\) m, equaling 1.5 m. Similarly, rocks produce \(3 \times 0.50\) m, totaling 1.5 m, and boulders result in \(2 \times 2\) m, amounting to 4 m. Adding these up gives us a final splash width of \(1.5 + 1.5 + 4 = 7\) m. This methodical breakdown allows us to efficiently solve the problem through elementary arithmetic operations.
```","This answer is well-structured and clearly explains the process of generating a total splash width. The student could improve by providing more specific examples of the different types of stones and how they contribute to the overall splash. Overall, this is a well-written and informative answer.","This answer correctly applies basic arithmetic operations to solve the problem presented. It breaks down the calculation step by step, which helps clarify the thought process. However, some parts feel overly simplistic; more complex problems might require additional mathematical concepts or strategies. Additionally, while the solution method is sound, there isn't much discussion about why certain methods were chosen over others, nor any exploration of potential variations or edge cases.","My explanation was overly verbose and included unnecessary details, making it hard to follow. While I broke down the problem step-by-step, using simple multiplication and addition, I failed to provide clear labels for each calculation, leading to confusion. Furthermore, introducing unrelated concepts like ""wave dynamics"" dilutes the solution's directness and effectiveness. A revised version should streamline its language, clearly label steps, and maintain focus solely on solving the given mathematical puzzle without extraneous information. 
```python
# Define variables",0
"Pauly is making omelets for his family. There are three dozen eggs, and he plans to use them all. Each omelet requires 4 eggs. Including himself, there are 3 people. How many omelets does each person get?",3,". Note - In the previous version, it was mentioned that ""thirty-six eggs * four eggs/omelet"" equals ""one hundred forty-four eggs"". But here, since only 36 eggs can form at most 9 omelets, not 144. So corrected accordingly. Also, the last part where it says ""consequently"", has been removed because it doesn't add anything new to our result","This is a well-structured and thoughtful answer that provides a clear and concise interpretation of the problem. The student's analysis is well-supported by specific textual evidence and is easy to follow. Overall, this is a strong and well-reasoned response.","This answer presents a step-by-step solution to the problem, breaking down the calculation process into manageable parts. It correctly calculates the total number of eggs needed for omelets and divides those by both the number of eggs per omelet and the number of people. While the explanation is detailed, some intermediate calculations might be skipped without affecting the outcome; however, including more explicit division steps between key points can strengthen the narrative flow. Additionally, using clearer headings or labels within the steps enhances readability.","My initial steps were clear and methodical, establishing the problem context and calculating the total number of omelets possible with the given eggs. However, the explanation became overly complicated when detailing the calculation process, especially after finding the total number of omelets. A simpler final step directly addressing the question about distributing these omelets among the family members would suffice without unnecessary calculations. Simplifying the conclusion will enhance understanding and conciseness.
Question: If $x$ represents the cost of an item",0
"Thomas made 4 stacks of wooden blocks. The first stack was 7 blocks tall. The second stack was 3 blocks taller than the first. The third stack was 6 blocks shorter than the second stack, and the fourth stack was 10 blocks taller than the third stack. If the fifth stack has twice as many blocks as the second stack, how many blocks did Thomas use in all?",55,"Let's analyze the situation step-by-step without calculating every single value explicitly. We know the second stack is three units higher than the first, so its height can be expressed as \(h_1 + 3\). Similarly, since the third stack is six units lower than the second, it stands at \((h_1+3)-6=h_1-3\) blocks high. Consequently, the fourth stack reaches a height of \((h_1-3)+10 = h_1+7\).","This answer provides a clear and concise interpretation of the given information. The student has used the given information to calculate the number of blocks used by each stack. The feedback is well-structured and informative. Overall, this is a strong and well-supported response.",This answer accurately calculates block counts using logical deductions from the problem statement. Each step logically builds upon previous ones without errors. A perfect example of structured thinking applied to mathematical problems.,"My initial analysis overlooked that this problem doesn't ask about individual block counts per se but rather asks us to find the sum of blocks across multiple stacks based on given relationships between those stacks' heights. This led me into unnecessary calculations involving actual numbers instead of just understanding the relative differences between these stacks. A better approach involves recognizing patterns within the sequence of stack sizes and leveraging mathematical properties related to arithmetic sequences to simplify our calculation process. 
Note - Please see below for correct solution",0
